{
  "19000501_OAuth2TokenManager_5_151603": {
    "x": 100,
    "y": 99
  },
  "19000502_NetatmoHomecoach_3_212541": {
    "x": 650,
    "y": 49
  },
  "20027_EcowittWS90_0_214510": {
    "x": 363,
    "y": 49
  },
  "20030_FroniusGen24_6_133200": {
    "x": 129,
    "y": 17
  },
  "19000792_EPEXSpotPrice_6_145437": {
    "x": 93,
    "y": 43
  },
  "19000501_OAuth2TokenManager_7_153656": {
    "x": 1150,
    "y": 248
  },
  "20027_EcowittWS90_6_160122": {
    "x": 142,
    "y": 42
  },
  "200352_SonosController_7_183416": {
    "x": 775,
    "y": 42
  },
  "200352_SonosController_7_183557": {
    "x": 692,
    "y": 26
  },
  "200352_SonosController_7_210154": {
    "x": 1050,
    "y": 70
  },
  "200352_SonosController_6_211208": {
    "x": 460,
    "y": 18
  },
  "20032_NetatmoHomecoach_2_061937": {
    "x": 680,
    "y": 66
  },
  "20035_EPEXSpotPrice_3_062210": {
    "x": 132,
    "y": 55
  },
  "20030_FroniusGen24_4_062234": {
    "x": 100,
    "y": 52
  },
  "20027_EcowittWS90_5_062314": {
    "x": 126,
    "y": 59
  },
  "200352_SonosController_5_062328": {
    "x": -3370.1354672516195,
    "y": 2402.4164002119337
  },
  "20033_ShellyPlus1PM_6_070838": {
    "x": 152,
    "y": 41
  },
  "20032_NetatmoHomecoach_2_110346": {
    "x": 417.79072063178677,
    "y": 64.5350444225074
  },
  "20030_FroniusGen24_4_111048": {
    "x": -1335.5308821139133,
    "y": 788.5505009436491
  },
  "20033_ShellyPlus1PM_5_111117": {
    "x": -166.2284673276385,
    "y": 8.961922112060257
  },
  "20027_EcowittWS90_6_111212": {
    "x": -284.102766798419,
    "y": 48.69169960474309
  },
  "20031_OAuth2TokenManager_1_110338": {
    "x": -162.04343534057256,
    "y": 28.319842053307006
  },
  "20035_EPEXSpotPrice_3_111001": {
    "x": -268.3244881137736,
    "y": -504.45688409489617
  },
  "20031_OAuth2TokenManager_1_083837": {
    "x": -82.20093896713612,
    "y": 91.79718309859155
  },
  "20030_FroniusGen24_1_164958": {
    "x": -2700.5957179472066,
    "y": -2559.2346801682293
  },
  "20031_OAuth2TokenManager_3_170455": {
    "x": 39.38497652582157,
    "y": 91.71267605633804
  },
  "20032_NetatmoHomecoach_4_170757": {
    "x": 711,
    "y": 92
  },
  "20027_EcowittWS90_2_170238": {
    "x": -291.795768507968,
    "y": 40.837944646677556
  },
  "20035_EPEXSpotPrice_5_202041": {
    "x": -826.432686496647,
    "y": 56.52380709978311
  },
  "20033_ShellyPlus1PM_6_203326": {
    "x": -337.7460867559503,
    "y": 85.71070393703059
  },
  "20040_GoEChargerAPI2_7_104415": {
    "x": -2226.9430219222627,
    "y": 263.7585077599738
  },
  "19028_class_1_9_173025": {
    "x": -126.61113491569529,
    "y": -59.21751020684967
  },
  "10030_MinMax_10_193537": {
    "x": 458.2682176992732,
    "y": 95.17551136885474
  },
  "20042_class_1_12_210059": {
    "x": -624.385478486178,
    "y": -472.8233502282466
  },
  "19028_class_1_8_173024": {
    "x": 246.16150484578162,
    "y": -24.675133095592347
  },
  "20044_class_1_14_214742": {
    "x": -2339.306053049914,
    "y": 233.4287092553452
  },
  "20043_class_1_13_213927": {
    "x": -171.97190984474315,
    "y": -388.65077801510074
  },
  "20041_UhrzeitTrigger_11_204055": {
    "x": 74.6068201193134,
    "y": 165.18553581089694
  },
  "20045_class_1_14_214815": {
    "x": 460.8075119210712,
    "y": 74.17676177219026
  },
  "20035_EPEXSpotPrice_14_213833": {
    "x": 57.28817827150698,
    "y": 73.13560007934935
  }
}