{
  "19000501_OAuth2TokenManager_5_151603": {
    "x": 100,
    "y": 99
  },
  "19000502_NetatmoHomecoach_3_212541": {
    "x": 650,
    "y": 49
  },
  "20027_EcowittWS90_0_214510": {
    "x": 363,
    "y": 49
  },
  "20030_FroniusGen24_6_133200": {
    "x": 129,
    "y": 17
  },
  "19000792_EPEXSpotPrice_6_145437": {
    "x": 93,
    "y": 43
  },
  "19000501_OAuth2TokenManager_7_153656": {
    "x": 1150,
    "y": 248
  },
  "20027_EcowittWS90_6_160122": {
    "x": 142,
    "y": 42
  },
  "200352_SonosController_7_183416": {
    "x": 775,
    "y": 42
  },
  "200352_SonosController_7_183557": {
    "x": 692,
    "y": 26
  },
  "200352_SonosController_7_210154": {
    "x": 1050,
    "y": 70
  },
  "200352_SonosController_6_211208": {
    "x": 460,
    "y": 18
  },
  "20032_NetatmoHomecoach_2_061937": {
    "x": 680,
    "y": 66
  },
  "20035_EPEXSpotPrice_3_062210": {
    "x": 132,
    "y": 55
  },
  "20030_FroniusGen24_4_062234": {
    "x": 100,
    "y": 52
  },
  "20027_EcowittWS90_5_062314": {
    "x": 126,
    "y": 59
  },
  "200352_SonosController_5_062328": {
    "x": -1048.6900218806063,
    "y": 278.67954399283434
  },
  "20033_ShellyPlus1PM_6_070838": {
    "x": 152,
    "y": 41
  },
  "20032_NetatmoHomecoach_2_110346": {
    "x": 417.79072063178677,
    "y": 64.5350444225074
  },
  "20030_FroniusGen24_4_111048": {
    "x": -850.0257520920538,
    "y": 64.92323917790645
  },
  "20033_ShellyPlus1PM_5_111117": {
    "x": -166.2284673276385,
    "y": 8.961922112060257
  },
  "20027_EcowittWS90_6_111212": {
    "x": -284.102766798419,
    "y": 48.69169960474309
  },
  "20031_OAuth2TokenManager_1_110338": {
    "x": -162.04343534057256,
    "y": 28.319842053307006
  },
  "20035_EPEXSpotPrice_3_111001": {
    "x": 76.61884416833612,
    "y": -83.7602155291642
  }
}